Product Name,Sales,Order Date
Serrated Blade or Curved Handle Hand Letter Openers,6.28,10/28/2011
"Brites Rubber Bands, 1 1/2 oz. Box",3.96,7/4/2013
Acme Rosewood Handle Letter Opener,11.91,12/26/2011
Staples,7.36,6/9/2011
Acme Rosewood Handle Letter Opener,15.88,8/24/2013
"Super Bands, 12/Pack",5.58,11/3/2014
Alliance Rubber Bands,5.04,11/8/2012
Tennsco Commercial Shelving,20.34,12/24/2011
Rubber Band Ball,11.22,2/20/2014
Newell 346,2.3,8/16/2012
"Bravo II Megaboss 12-Amp Hard Body Upright, Replacement Belts, 2 Belts per Pack",2.6,8/3/2011
Martin-Yale Premier Letter Opener,12.88,4/13/2012
Maxell 4.7GB DVD-R 5/Pack,0.99,10/13/2014
Plymouth Boxed Rubber Bands by Plymouth,9.42,7/25/2012
Newell 326,4.22,12/11/2012
Wilson Jones Easy Flow II Sheet Lifters,1.44,10/2/2014
"Rogers Jumbo File, Granite",54.32,9/5/2014
Eldon Shelf Savers Cubes and Bins,27.92,7/5/2013
Newell 321,5.25,5/8/2012
Newell 320,6.85,12/18/2012
Belkin F8E887 USB Wired Ergonomic Keyboard,47.98,9/24/2014
Woodgrain Magazine Files by Perma,8.94,12/12/2011
Cush Cases Heavy Duty Rugged Cover Case for Samsung Galaxy S5 - Purple,7.92,11/13/2014
Newell 333,2.78,9/6/2014
Acme Value Line Scissors,5.84,4/27/2012
"Eldon Spacemaker Box, Quick-Snap Lid, Clear",5.34,6/26/2014
SanDisk Ultra 16 GB MicroSDHC Class 10 Memory Card,12.99,2/21/2013
"BIC Brite Liner Grip Highlighters, Assorted, 5/Pack",3.39,11/11/2011
"Neat Ideas Personal Hanging Folder Files, Black",10.74,9/1/2014
"Hunt BOSTON Vista Battery-Operated Pencil Sharpener, Black",9.33,6/25/2011
Binder Clips by OIC,2.37,4/8/2011
Eldon Shelf Savers Cubes and Bins,41.88,9/8/2012
Staples,4.51,9/28/2012
Newell 323,3.36,3/9/2014
"Dixon Prang Watercolor Pencils, 10-Color Set with Brush",3.41,3/8/2012
Newell 324,9.24,7/23/2011
Eldon Shelf Savers Cubes and Bins,48.86,11/17/2014
Avery Reinforcements for Hole-Punch Pages,3.17,11/24/2012
"Perma STOR-ALL Hanging File Box, 13 1/8""W x 12 1/4""D x 10 1/2""H",5.98,5/6/2013
Newell 310,3.52,5/20/2014
"Belkin 19"" Vented Equipment Shelf, Black",102.96,6/12/2014
Design Ebony Sketching Pencil,4.17,12/23/2014
"Eldon Regeneration Recycled Desk Accessories, Smoke",3.48,12/26/2011
"ACCOHIDE 3-Ring Binder, Blue, 1""",3.3,8/7/2012
Avery Non-Stick Binders,3.59,10/23/2012
Newell 313,13.12,12/11/2012
Newell 31,4.13,12/20/2011
"Sanford EarthWrite Recycled Pencils, Medium Soft, #2",4.2,12/24/2013
Avery 509,2.61,12/7/2012
Eldon Gobal File Keepers,30.28,9/17/2011
Avery Hi-Liter Fluorescent Desk Style Markers,3.38,3/14/2011
Newell 308,5.04,10/31/2012
DIXON Oriole Pencils,5.16,6/21/2013
"Acco Banker's Clasps, 5 3/4""-Long",2.88,6/25/2014
Lenovo 17-Key USB Numeric Keypad,54.38,9/29/2014
Cardinal Holdit Business Card Pockets,3.98,4/25/2013
Newell 314,5.58,5/20/2014
Binder Clips by OIC,2.96,11/19/2014
Newell 344,5.56,11/22/2014
Newell 344,5.56,8/29/2014
Staples,4.67,10/2/2011
Sterilite Officeware Hinged File Box,16.77,7/11/2013
Avery 511,3.08,8/27/2012
"Eldon Image Series Desk Accessories, Burgundy",4.18,11/14/2013
Avery 488,3.15,8/16/2013
Newell 307,5.46,4/20/2013
Newell 310,5.28,2/6/2012
"Belkin 19"" Vented Equipment Shelf, Black",154.44,10/22/2013
Martin-Yale Premier Letter Opener,51.52,9/10/2012
Newell 330,5.98,9/17/2014
Avery Hanging File Binders,4.78,6/8/2013
"Acco PRESSTEX Data Binder with Storage Hooks, Dark Blue, 14 7/8"" X 11""",4.3,11/29/2012
"Dixon My First Ticonderoga Pencil, #2",14.04,12/24/2012
Storex Dura Pro Binders,4.75,9/1/2012
"Crayola Anti Dust Chalk, 12/Pack",3.64,1/1/2014
"Premium Writing Pencils, Soft, #2 by Central Association for the Blind",5.96,9/4/2014
Eldon Shelf Savers Cubes and Bins,83.76,6/27/2014
"SmartStand Mobile Device Holder, Assorted Colors",16.78,3/15/2012
Newell 317,5.88,12/22/2014
"Eldon Expressions Desk Accessory, Wood Photo Frame, Mahogany",15.23,9/13/2013
Magna Visual Magnetic Picture Hangers,7.71,12/24/2012
QVS USB Car Charger 2-Port 2.1Amp for iPod/iPhone/iPad/iPad 2/iPad 3,5.56,9/5/2014
"Dixon Prang Watercolor Pencils, 10-Color Set with Brush",4.26,6/16/2014
SANFORD Liquid Accent Tank-Style Highlighters,5.68,11/7/2014
Avery 488,5.04,8/16/2012
Lumber Crayons,7.88,11/1/2012
Pencil and Crayon Sharpener,6.57,9/3/2014
Advantus Push Pins,4.36,9/6/2013
Newell 311,6.63,5/28/2012
Newell 327,6.63,12/22/2014
Newell 311,6.63,2/14/2014
Newell 327,6.63,12/19/2014
Avery 510,3.75,10/21/2014
Xerox 218,5.18,10/22/2014
Peel & Stick Add-On Corner Pockets,5.18,11/11/2013
Safco Commercial Shelving,46.51,3/17/2014
Kleencut Forged Office Shears by Acme United Corporation,6.24,9/20/2013
ImationÂ USB 2.0 SwivelÂ Flash DriveÂ USBÂ flash driveÂ - 4 GB - Pink,9.09,10/6/2011
Acrylic Self-Standing Desk Frames,8.54,12/25/2014
Xerox 1927,4.28,8/21/2012
Martin-Yale Premier Letter Opener,64.4,5/15/2014
Newell 322,7.28,6/9/2011
Ideal Clamps,4.02,10/14/2013
Ideal Clamps,4.02,9/8/2011
"Angle-D Binders with Locking Rings, Label Holders",5.84,4/20/2013
Newell 319,15.87,6/12/2014
Micropad Numeric Keypads,31.98,11/13/2013
Kingston Digital DataTraveler 32GB USB 2.0,33.9,4/6/2011
Avery 509,6.26,9/13/2013
Newell 326,7.04,6/15/2013
"Hoover Replacement Belts For Soft Guard & Commercial Ltweight Upright Vacs, 2/Pk",7.9,12/27/2013
"Belkin 19"" Vented Equipment Shelf, Black",205.92,4/17/2014
Acco Hanging Data Binders,6.1,9/6/2012
"Avery Durable Slant Ring Binders, No Labels",6.37,9/3/2012
Ibico Presentation Index for Binding Systems,6.37,8/2/2012
Acco Suede Grain Vinyl Round Ring Binder,6.67,9/1/2014
Newell 339,8.34,1/30/2014
"Eldon 300 Class Desk Accessories, Black",4.95,6/7/2014
Acme Value Line Scissors,7.3,9/18/2012
"Acco Pressboard Covers with Storage Hooks, 14 7/8"" x 11"", Dark Blue",6.1,12/14/2013
Prang Drawing Pencil Set,5.56,4/17/2012
"Eldon Regeneration Recycled Desk Accessories, Smoke",6.96,11/12/2013
Acme Office Executive Series Stainless Steel Trimmers,8.57,1/30/2014
"ACCOHIDE 3-Ring Binder, Blue, 1""",6.61,8/8/2012
"Acco Six-Outlet Power Strip, 4' Cord Length",8.62,11/22/2014
Avery Non-Stick Binders,7.18,9/11/2014
Avery Non-Stick Binders,7.18,10/28/2011
Avery Non-Stick Binders,7.18,4/4/2011
SAFCO Boltless Steel Shelving,227.28,12/24/2013
"Dixon Ticonderoga Maple Cedar Pencil, #2",9.21,11/13/2014
"While You Were Out Pads, 50 per Pad, 4 x 5 1/4, Green Cycle",4.73,6/8/2013
Avery Printable Repositionable Plastic Tabs,6.88,9/24/2014
Regeneration Desk Collection,5.28,7/30/2012
"OIC Binder Clips, Mini, 1/4"" Capacity, Black",4.96,6/22/2012
Computer Printout Index Tabs,6.72,5/6/2013
Hanging Personal Folder File,37.68,9/8/2014
Xerox 4200 Series MultiUse Premium Copy Paper (20Lb. and 84 Bright),5.28,4/14/2014
Newell 343,8.82,9/19/2014
Newell 332,8.82,11/4/2013
Newell 338,8.82,1/31/2014
Tenex Chairmats For Use With Carpeted Floors,47.94,9/8/2014
Square Credit Card Reader,31.97,11/20/2014
Advantus Plastic Paper Clips,5,11/8/2012
Permanent Self-Adhesive File Folder Labels for Typewriters by Universal,5.22,11/16/2011
"Redi-Strip #10 Envelopes, 4 1/8 x 9 1/2",7.08,11/6/2012
Newell 341,8.56,8/27/2011
Newell 341,8.56,12/9/2013
Newell 346,8.64,6/15/2013
Advantus Map Pennant Flags and Round Head Tacks,7.9,9/21/2012
SANFORD Major Accent Highlighters,11.33,12/27/2013
Newell 317,8.82,12/24/2013
Newell 3-Hole Punched Plastic Slotted Magazine Holders for Binders,7.31,11/27/2013
Sony 16GB Class 10 Micro SDHC R40 Memory Card,25.78,10/13/2011
"Logitech B530 USBÂ HeadsetÂ -Â headsetÂ - Full size, Binaural",29.59,5/16/2014
"Global Stack Chair without Arms, Black",41.57,4/29/2013
Fellowes Neat Ideas Storage Cubes,64.96,4/9/2013
Hon Racetrack Conference Tables,210.01,8/23/2014
Staples,7.52,6/7/2012
Xerox 1954,8.45,12/20/2011
Prang Colored Pencils,5.88,9/8/2011
Avery 507,5.76,10/26/2012
Xerox 1920,5.98,5/12/2013
"SlimView Poly Binder, 3/8""",8.29,8/24/2011
"Square Credit Card Reader, 4 1/2"" x 4 1/2"" x 1"", White",7.99,7/4/2014
American Pencil,9.32,3/5/2014
Avery 498,5.78,4/2/2014
Staples,5.78,5/6/2011
OIC Bulk Pack Metal Binder Clips,8.38,9/1/2014
"OIC #2 Pencils, Medium Soft",9.4,9/3/2014
Presstex Flexible Ring Binders,7.28,8/8/2012
Wilson Jones Standard D-Ring Binders,8.1,12/14/2012
Economy #2 Pencils,10.64,10/18/2014
#6 3/4 Gummed Flap White Envelopes,7.92,12/20/2012
Newell 314,11.16,12/10/2014
Tuff Stuff Recycled Round Ring Binders,7.71,7/12/2011
Recycled Pressboard Report Cover with Reinforced Top Hinge,7.75,6/29/2013
Avery File Folder Labels,5.76,8/15/2014
Sterilite Officeware Hinged File Box,10.48,11/26/2014
Belkin 6 Outlet Metallic Surge Strip,10.89,11/12/2014
Stockwell Push Pins,8.72,9/29/2011
Hammermill CopyPlus Copy Paper (20Lb. and 84 Bright),7.97,8/5/2014
Adjustable Personal File Tote,39.07,12/8/2011
"Tennsco Lockers, Gray",41.96,9/25/2013
36X48 HARDFLOOR CHAIRMAT,41.96,10/7/2014
Staples,7.58,9/2/2014
"Wilson Jones 1"" Hanging DublLock Ring Binders",8.45,11/19/2014
Dax Clear Box Frame,8.73,11/7/2014
Xerox 1895,9.57,6/15/2012
"Eldon Image Series Desk Accessories, Burgundy",8.36,9/13/2014
Belkin F9H710-06 7 Outlet SurgeMaster Surge Protector,30.14,4/2/2013
Fellowes Black Plastic Comb Bindings,9.3,11/4/2013
Self-Adhesive Removable Labels,6.3,7/23/2013
3M Hangers With Command Adhesive,7.4,12/29/2014
Newell 328,11.68,6/30/2014
"Binney & Smith Crayola Metallic Colored Pencils, 8-Color Set",9.26,6/4/2012
Staples,9.43,2/21/2014
"DAX Value U-Channel Document Frames, Easel Back",9.94,11/25/2013
3M Hangers With Command Adhesive,11.84,12/23/2013
Xerox 1995,6.48,9/18/2013
Xerox 223,6.48,9/29/2011
Xerox 1931,6.48,8/27/2013
Xerox 214,6.48,3/17/2014
Xerox 231,6.48,6/19/2012
Staples,9.02,12/3/2014
Newell 343,11.76,9/21/2013
Xerox 1966,6.48,7/25/2011
"Safco Wire Cube Shelving System, For Use as 4 or 5 14"" Cubes, Black",63.56,11/10/2014
"Manila Recycled Extra-Heavyweight Clasp Envelopes, 6"" x 9""",8.78,8/5/2014
Tenex Chairmats For Use With Carpeted Floors,63.92,10/26/2011
Newell 32,11.52,10/13/2011
Eldon 100 Class Desk Accessories,10.11,11/15/2011
Carina Double Wide Media Storage Towers in Natural & Black,80.98,8/21/2012
Carina Double Wide Media Storage Towers in Natural & Black,80.98,3/14/2011
Crayola Colored Pencils,9.84,12/14/2013
Belkin 6 Outlet Metallic Surge Strip,43.56,4/27/2012
Avery Binder Labels,9.34,4/20/2013
Dana Halogen Swing-Arm Architect Lamp,32.78,9/29/2014
Prestige Round Ring Binders,9.73,10/31/2012
Acme Preferred Stainless Steel Scissors,11.36,11/8/2013
"iKross Bluetooth Portable Keyboard + Cell Phone Stand Holder + Brush for Apple iPhone 5S 5C 5, 4S 4",33.52,11/25/2013
GBC Personal VeloBind Strips,9.58,5/20/2013
GBC Personal VeloBind Strips,9.58,4/11/2011
Prang Dustless Chalk Sticks,6.72,8/1/2012
Avery Non-Stick Binders,10.78,11/18/2013
Kingston Digital DataTraveler 16GB USB 2.0,17.9,9/3/2012
SAFCO Boltless Steel Shelving,340.92,11/9/2011
"Adams Telephone Message Book W/Dividers/Space For Phone Numbers, 5 1/4""X8 1/2"", 300/Messages",9.41,10/2/2011
"Sauder Facets Collection Library, Sky Alder Finish",290.67,2/1/2011
"Sanford Colorific Colored Pencils, 12/Box",11.52,10/14/2013
"Verbatim Slim CD and DVD Storage Cases, 50/Pack",11.54,4/22/2014
Newell 320,12.84,2/20/2014
Avery 501,7.38,6/4/2012
Avery 52,7.38,11/15/2013
Maxell 4.7GB DVD-R 5/Pack,7.92,12/27/2012
Avery Non-Stick Binders,10.78,9/18/2014
Fellowes Basic Home/Office Series Surge Protectors,31.15,12/2/2014
Harmony HEPA Quiet Air Purifiers,18.72,12/27/2013
Advantus T-Pin Paper Clips,9.02,11/22/2014
"Binney & Smith inkTank Desk Highlighter, Chisel Tip, Yellow, 12/Box",10.75,4/18/2011
"Wirebound Message Books, Two 4 1/4"" x 5"" Forms per Page",7.61,9/12/2013
OIC Binder Clips,7.16,9/19/2011
Bevis Round Conference Room Tables and Bases,143.43,10/3/2011
C-Line Cubicle Keepers Polyproplyene Holder With Velcro Backings,15.14,9/13/2013
Avery 494,7.83,9/27/2013
"Advantus Push Pins, Aluminum Head",11.62,4/18/2011
Staples,7.86,12/12/2012
Zipper Ring Binder Pockets,9.98,7/29/2014
Xerox 1894,10.37,3/21/2013
Xerox 232,10.37,12/8/2011
Fiskars Spring-Action Scissors,13.98,12/18/2014
Magna Visual Magnetic Picture Hangers,9.64,10/31/2014
Aluminum Document Frame,29.33,9/24/2014
"Cardinal HOLDit! Binder Insert Strips,Extra Strips",10.13,12/2/2014
"Eldon Regeneration Recycled Desk Accessories, Black",15.49,10/30/2012
C-Line Cubicle Keepers Polyproplyene Holder With Velcro Backings,9.46,10/15/2014
Acme Design Stainless Steel Bent Scissors,13.68,9/24/2013
"""While you Were Out"" Message Book, One Form per Page",7.42,10/31/2014
Newell 325,12.39,10/31/2011
Avery 492,11.52,12/8/2011
Newell Chalk Holder,8.26,8/27/2013
Self-Adhesive Ring Binder Labels,11.26,7/12/2011
Newell 351,13.12,4/18/2011
Xerox 1962,8.56,12/3/2014
"Eldon Base for stackable storage shelf, platinum",77.88,7/18/2013
"Eldon Base for stackable storage shelf, platinum",77.88,10/17/2012
"O'Sullivan Elevations Bookcase, Cherry Finish",334,1/14/2011
"Angle-D Binders with Locking Rings, Label Holders",11.68,9/6/2013
Nu-Dell Float Frame 11 x 14 1/2,14.37,12/20/2012
Newell 338,14.7,11/11/2013
"Pressboard Covers with Storage Hooks, 9 1/2"" x 11"", Light Blue",11.78,8/5/2013
Eldon 200 Class Desk Accessories,12.56,6/19/2012
"Ampad Gold Fibre Wirebound Steno Books, 6"" x 9"", Gregg Ruled",8.82,9/17/2014
Kingston Digital DataTraveler 32GB USB 2.0,67.8,5/9/2011
Project Tote Personal File,14.03,6/18/2014
Avery 482,8.67,7/12/2014
Presstex Flexible Ring Binders,10.92,7/30/2012
"GE General Purpose, Extra Long Life, Showcase & Floodlight Incandescent Bulbs",8.73,6/15/2013
Staples,8.94,10/3/2014
"Premium Writing Pencils, Soft, #2 by Central Association for the Blind",14.9,10/12/2011
Avery Durable Binders,11.52,2/15/2012
Cardinal Holdit Business Card Pockets,11.95,9/20/2013
Pizazz Global Quick File,14.97,9/8/2011
Super Decoflex Portable Personal File,14.98,7/29/2014
Wilson Jones Active Use Binders,11.65,1/16/2013
Nontoxic Chalk,8.8,11/3/2014
"Elite 5"" Scissors",33.8,7/19/2013
"#10 White Business Envelopes,4 1/8 x 9 1/2",12.54,9/28/2012
Peel & Stick Add-On Corner Pockets,12.1,11/24/2011
Avery 474,8.64,9/11/2012
Avery File Folder Labels,8.64,11/14/2014
SAFCO Optional Arm Kit for Workspace Cribbage Stacking Chair,42.62,5/16/2014
Newell 329,16.4,8/4/2011
"Acco Pressboard Covers with Storage Hooks, 14 7/8"" x 11"", Light Blue",11.78,9/18/2014
GBC Plastic Binding Combs,11.81,12/18/2014
Memorex Froggy Flash Drive 4 GB,10.99,11/10/2011
"Fellowes Personal Hanging Folder Files, Navy",42.98,4/15/2013
Ampad #10 Peel & Seel Holiday Envelopes,8.96,10/20/2014
Avery Durable Poly Binders,13.27,2/4/2011
Model L Table or Wall-Mount Pencil Sharpener,43.18,11/1/2011
Crayola Colored Pencils,13.12,7/9/2014
Insertable Tab Post Binder Dividers,12.83,4/10/2012
Eldon Advantage Chair Mats for Low to Medium Pile Carpets,43.31,12/12/2011
Xerox 1922,11.95,6/18/2012
Newell 318,16.68,8/15/2014
Acme Elite Stainless Steel Scissors,16.68,6/17/2014
Westinghouse Clip-On Gooseneck Lamps,16.74,12/2/2013
"LF Elite 3D Dazzle Designer Hard Case Cover, Lf Stylus Pen and Wiper For Apple Iphone 5c Mini Lite",43.6,5/10/2011
"Executive Impressions 8-1/2"" Career Panel/Partition Cubicle Clock",24.96,10/14/2013
Bevis Round Conference Table Top & Single Column Base,351.22,7/13/2011
Smead Alpha-Z Color-Coded Second Alphabetical Labels and Starter Set,9.24,2/18/2012
Longer-Life Soft White Bulbs,9.24,12/12/2011
"ACCOHIDE 3-Ring Binder, Blue, 1""",13.22,11/11/2013
Staples,16.02,3/26/2014
Avery Non-Stick Binders,14.37,9/1/2012
Acme Kleen Earth Office Shears,15.52,7/25/2011
"Eldon Image Series Desk Accessories, Burgundy",12.54,12/12/2011
"Cardinal Slant-D Ring Binder, Heavy Gauge Vinyl",13.9,12/31/2014
"Cardinal Slant-D Ring Binder, Heavy Gauge Vinyl",13.9,4/26/2014
Fellowes Black Plastic Comb Bindings,13.94,4/25/2012
Tops Wirebound Message Log Books,9.87,3/29/2012
Belkin 6 Outlet Metallic Surge Strip,60.98,12/21/2012
Avery 499,9.96,9/20/2011
Avery 513,9.96,12/13/2012
Avery 483,9.96,11/13/2014
"Global Deluxe Stacking Chair, Gray",40.78,8/25/2012
Letter or Legal Size Expandable Poly String Tie Envelopes,12.77,10/2/2011
Avery Printable Repositionable Plastic Tabs,13.76,8/8/2014
"Wirebound Service Call Books, 5 1/2"" x 4""",9.68,12/9/2014
Avery Hanging File Binders,14.35,12/29/2011
Newell 330,17.94,3/7/2011
File Shuttle I and Handi-File,53.42,12/6/2011
DIXON Oriole Pencils,18.06,6/9/2011
Xerox 4200 Series MultiUse Premium Copy Paper (20Lb. and 84 Bright),10.56,11/13/2014
Xerox 1972,10.56,3/14/2011
Newell 351,16.4,6/11/2014
Ibico Standard Transparent Covers,13.18,8/4/2011
Staples,14.52,6/13/2011
Anker 36W 4-Port USB Wall Charger Travel Power Adapter for iPhone 5s 5c 5,47.98,6/16/2014
"Seth Thomas 14"" Day/Date Wall Clock",22.78,12/23/2013
"Carina 42""Hx23 3/4""W Media Storage Unit",242.94,3/7/2011
Ultra Door Push Plate,14.73,5/25/2012
Acco 3-Hole Punch,14.02,11/13/2014
Logitech Desktop MK120 Mouse and keyboard Combo,49.08,12/11/2014
Advantus SlideClip Paper Clips,10.23,8/27/2013
"Master Big Foot Doorstop, Beige",15.84,7/9/2014
Berol Giant Pencil Sharpener,16.99,3/5/2013
Newell 336,17.12,8/22/2014
Fiskars Home & Office Scissors,17.76,12/27/2013
Wilson Jones Turn Tabs Binder Tool for Ring Binders,15.42,5/21/2013
Stockwell Push Pins,15.26,11/4/2013
Prang Dustless Chalk Sticks,10.08,12/3/2014
Newell 333,19.46,11/20/2012
Astroparche Fine Business Paper,10.56,10/8/2013
"Elite 5"" Scissors",16.9,9/18/2012
Convenience Packs of Business Envelopes,10.86,9/19/2014
Convenience Packs of Business Envelopes,10.86,8/17/2013
SpineVue Locking Slant-D Ring Binders by Cardinal,14.62,3/20/2014
"Acco Pressboard Covers with Storage Hooks, 9 1/2"" x 11"", Executive Red",15.24,12/18/2014
Wausau Papers Astrobrights Colored Envelopes,14.35,9/24/2014
Xerox 1992,14.35,9/29/2014
Cardinal Slant-D Ring Binders,13.9,10/31/2014
Staples,11.34,10/31/2011
Chromcraft Round Conference Tables,418.3,8/15/2014
Riverleaf Stik-Withit Designer Note Cubes,16.1,7/19/2014
Staples,20.96,6/25/2012
Col-Erase Pencils with Erasers,18.24,12/11/2014
Acme Box Cutter Scissors,20.46,11/15/2011
"Wirebound Message Book, 4 per Page",10.86,12/3/2014
Acco Hanging Data Binders,15.24,8/9/2013
Great White Multi-Use Recycled Paper (20Lb. and 84 Bright),11.96,1/23/2014
"Avery Framed View Binder, EZD Ring (Locking), Navy, 1 1/2""",15.97,10/31/2011
Avery Hole Reinforcements,14.95,9/24/2012
Zipper Ring Binder Pockets,14.98,12/6/2014
Economy Binders,14.98,3/7/2014
Staples,11.56,12/27/2011
"Eldon Image Series Desk Accessories, Ebony",12.35,8/11/2011
Xerox 2,15.55,11/26/2011
Xerox 226,15.55,4/25/2013
"Global Push Button Manager's Chair, Indigo",48.71,3/7/2011
"Quartet Omega Colored Chalk, 12/Pack",11.68,9/18/2012
"Westinghouse Floor Lamp with Metal Mesh Shade, Black",23.99,12/24/2011
"Pressboard Data Binder, Crimson, 12"" X 8 1/2""",17.09,4/1/2011
Prang Drawing Pencil Set,13.9,12/1/2012
ACCOHIDE Binder by Acco,16.52,4/21/2011
"Wirebound Four 2-3/4 x 5 Forms per Page, 400 Sets per Book",15.48,8/29/2013
"Universal Ultra Bright White Copier/Laser Paper, 8 1/2"" x 11"", Ream",15.55,5/16/2014
Belkin 6 Outlet Metallic Surge Strip,21.78,6/21/2013
"Redi-Strip #10 Envelopes, 4 1/8 x 9 1/2",11.8,10/23/2012
Xerox 196,11.56,10/23/2012
"Acco Pressboard Covers with Storage Hooks, 14 7/8"" x 11"", Light Blue",15.71,8/18/2013
Newell Chalk Holder,12.39,4/28/2014
"Acco Pressboard Covers with Storage Hooks, 14 7/8"" x 11"", Executive Red",18.29,4/26/2011
"Crayola Anti Dust Chalk, 12/Pack",12.74,1/31/2014
Staples,21.36,3/14/2011
Xerox 1962,12.84,5/12/2012
Xerox 1927,12.84,12/27/2011
DXL Angle-View Binders with Locking Rings by Samsill,18.5,6/9/2011
Staples,12.35,2/3/2011
Xerox 1974,11.96,11/12/2011
Xerox 1903,11.96,4/17/2012
Xerox 1974,11.96,3/19/2012
"Fellowes Premier Superior Surge Suppressor, 10-Outlet, With Phone and Remote",78.27,4/23/2013
Heavy-Duty E-Z-D Binders,17.46,3/18/2014
Heavy-Duty E-Z-D Binders,17.46,1/30/2013
"Binney & Smith Crayola Metallic Crayons, 16-Color Pack",13.48,12/24/2014
"Boston 1827 Commercial Additional Cutter, Drive Gear & Gear Rack for 1606",19.83,3/27/2014
Eldon File Chest Portable File,79.4,9/13/2011
Eldon 200 Class Desk Accessories,18.84,11/28/2014
"Fellowes Twister Kit, Gray/Clear, 3/pkg",19.3,10/31/2011
"Fellowes Twister Kit, Gray/Clear, 3/pkg",19.3,7/9/2013
3M Hangers With Command Adhesive,14.8,12/12/2013
Newell 328,23.36,11/17/2014
"Global Value Steno Chair, Gray",97.18,12/17/2014
"Ampad Gold Fibre Wirebound Steno Books, 6"" x 9"", Gregg Ruled",13.23,12/18/2014
Grandstream GXP2100 Mainstream Business Phone,61.19,11/19/2013
"Verbatim 25 GB 6x Blu-ray Single Layer Recordable Disc, 3/Pack",13.98,11/24/2012
Zebra Zazzle Fluorescent Highlighters,18.24,7/9/2014
"Sortfiler Multipurpose Personal File Organizer, Black",21.39,10/12/2011
Newell 347,21.4,1/16/2014
"Eldon Stackable Tray, Side-Load, Legal, Smoke",18.28,4/23/2014
"Eldon Stackable Tray, Side-Load, Legal, Smoke",18.28,5/15/2014
Xerox 1931,12.96,4/9/2013
Xerox 213,12.96,12/13/2012
Xerox 228,12.96,7/25/2012
Xerox 1996,12.96,12/19/2014
Xerox 1996,12.96,9/12/2014
Xerox 220,12.96,9/5/2014
Xerox 200,12.96,7/4/2013
Xerox 225,12.96,12/11/2014
Xerox 211,12.96,11/21/2011
Xerox 227,12.96,4/11/2013
"C-Line Magnetic Cubicle Keepers, Clear Polypropylene",14.82,11/8/2013
Eldon Fold 'N Roll Cart System,55.92,7/14/2011
PayAnywhere Card Reader,71.93,7/22/2014
Belkin F8E887 USB Wired Ergonomic Keyboard,29.99,11/23/2011
"Wirebound Four 2-3/4 x 5 Forms per Page, 400 Sets per Book",12.9,11/8/2013
Xerox 1984,12.96,9/18/2014
GBC Imprintable Covers,17.57,3/19/2012
Bush Advantage Collection Round Conference Table,510.24,10/16/2014
Xerox 1986,13.36,8/29/2011
Xerox 1959,13.36,2/15/2012
GBC Plastic Binding Combs,17.71,6/21/2013
"Eldon Expressions Wood Desk Accessories, Oak",22.14,6/27/2013
Cardinal Hold-It CD Pocket,19.15,8/7/2012
Space Solutions Commercial Steel Shelving,129.3,1/31/2014
GBC Binding covers,20.72,12/31/2014
"Wilson Jones Clip & Carry Folder Binder Tool for Ring Binders, Clear",18.56,2/21/2013
Westinghouse Clip-On Gooseneck Lamps,25.11,4/3/2014
"O'Sullivan Elevations Bookcase, Cherry Finish",556.67,10/28/2014
Acco Translucent Poly Ring Binders,18.72,1/22/2014
Recycled Pressboard Report Cover with Reinforced Top Hinge,18.09,4/12/2011
4009 Highlighters by Sanford,19.9,10/31/2014
4009 Highlighters by Sanford,19.9,1/14/2011
Ibico Plastic and Wire Spiral Binding Combs,20.23,9/20/2011
"Avery Durable Plastic 1"" Binders",18.16,10/18/2013
Spiral Phone Message Books with Labels by Adams,13.44,10/19/2011
Boston 16801 Nautilus Battery Pencil Sharpener,88.04,6/12/2014
Prang Colored Pencils,14.7,11/24/2012
ImationÂ 30456 USBÂ Flash DriveÂ 8GB,82.8,3/14/2011
"Acco Pressboard Covers with Storage Hooks, 14 7/8"" x 11"", Dark Blue",18.29,6/12/2014
Turquoise Lead Holder with Pocket Clip,20.1,9/18/2013
"Stur-D-Stor Shelving, Vertical 5-Shelf: 72""H x 36""W x 18 1/2""D",332.94,9/12/2013
"ACCOHIDE 3-Ring Binder, Blue, 1""",19.82,3/20/2014
"iKross Bluetooth Portable Keyboard + Cell Phone Stand Holder + Brush for Apple iPhone 5S 5C 5, 4S 4",67.04,12/23/2014
Poly String Tie Envelopes,14.28,10/31/2012
Xerox 1970,19.92,12/6/2012
Memorex Froggy Flash Drive 8 GB,28.4,10/22/2014
Avery 512,14.45,10/4/2011
LogitechÂ LS21 Speaker System - PC Multimedia - 2.1-CH - Wired,19.99,9/2/2014
Self-Adhesive Address Labels for Typewriters by Universal,14.62,6/13/2013
Avery 486,14.62,11/8/2013
Self-Adhesive Address Labels for Typewriters by Universal,14.62,3/19/2012
Avery 500,14.62,1/23/2012
Things To Do Today Spiral Book,19.01,4/8/2011
Wilson Jones data.warehouse D-Ring Binders with DublLock,19.75,8/1/2011
Newell 309,23.1,3/26/2014
BIC Brite Liner Highlighters,16.56,9/26/2013
Cardinal Holdit Business Card Pockets,19.92,7/1/2011
"Tenex Personal Project File with Scoop Front Design, Black",26.96,10/4/2012
"White Envelopes, White Envelopes with Clear Poly Window",15.25,3/5/2014
Avery 514,14.4,9/18/2014
"Adams ""While You Were Out"" Message Pads",15.7,11/12/2012
Eldon Wave Desk Accessories,23.56,4/23/2013
Wilson Jones Leather-Like Binders with DublLock Round Rings,20.95,8/5/2013
"Redi-Strip #10 Envelopes, 4 1/8 x 9 1/2",14.75,10/31/2012
"Executive Impressions 13-1/2"" Indoor/Outdoor Wall Clock",18.7,11/20/2014
Cisco SPA525G2 IP Phone - Wireless,95.76,7/13/2013
Fellowes Officeware Wire Shelving,359.32,5/27/2011
Nokia Lumia 521 (T-Mobile),71.98,8/16/2013
Avery Hole Reinforcements,19.94,12/11/2014
Avery Hole Reinforcements,19.94,12/24/2012
Avery Hole Reinforcements,19.94,10/6/2014
Xerox 225,20.74,3/21/2013
Xerox 225,20.74,4/18/2014
Staples,15.56,9/21/2011
"Executive Impressions 14"" Contract Wall Clock",22.23,2/21/2014
"Wilson Jones Hanging View Binder, White, 1""",22.72,8/27/2011
"Wilson Jones Hanging View Binder, White, 1""",22.72,5/29/2013
Bevis 36 x 72 Conference Tables,298.78,5/6/2013
"#10- 4 1/8"" x 9 1/2"" Security-Tint Envelopes",15.28,11/7/2014
"#10- 4 1/8"" x 9 1/2"" Security-Tint Envelopes",15.28,10/10/2011
"BOSTON Ranger #55 Pencil Sharpener, Black",25.99,7/22/2014
Self-Adhesive Removable Labels,15.75,5/31/2012
"DAX Two-Tone Rosewood/Black Document Frame, Desktop, 5 x 7",18.96,12/17/2014
Wilson Jones Four-Pocket Poly Binders,20.93,10/21/2014
"Elite 5"" Scissors",25.35,3/4/2013
Avery Self-Adhesive Photo Pockets for Polaroid Photos,21.79,11/8/2014
"Sortfiler Multipurpose Personal File Organizer, Black",68.45,6/12/2014
"Acco Pressboard Covers with Storage Hooks, 14 7/8"" x 11"", Dark Blue",21.34,2/12/2014
"IBM Multi-Purpose Copy Paper, 8 1/2 x 11"", Case",24.78,11/25/2013
"Logitech B530 USBÂ HeadsetÂ -Â headsetÂ - Full size, Binaural",88.78,2/12/2014
"GBC White Gloss Covers, Plain Front",23.17,7/9/2014
"Acco Data Flex Cable Posts For Top & Bottom Load Binders, 6"" Capacity",25.03,9/17/2012
"Acco Data Flex Cable Posts For Top & Bottom Load Binders, 6"" Capacity",25.03,10/28/2013
GBC Standard Plastic Binding Systems' Combs,25.12,11/2/2014
ImationÂ Clip USBÂ flash driveÂ - 8 GB,131.6,5/29/2013
Clarity 53712,105.58,9/18/2013
Xerox 4200 Series MultiUse Premium Copy Paper (20Lb. and 84 Bright),25.34,6/3/2014
"Safco Wire Cube Shelving System, For Use as 4 or 5 14"" Cubes, Black",158.9,8/4/2011
Staples,24.2,1/21/2014
Fellowes Bases and Tops For Staxonsteel/High-Stak Systems,33.29,12/29/2011
Case Logic 2.4GHz Wireless Keyboard,99.98,11/17/2011
Acme Tagit Stainless Steel Antibacterial Scissors,29.7,10/31/2012
Avery Metallic Poly Binders,22.92,9/2/2014
OIC Bulk Pack Metal Binder Clips,17.45,10/31/2012
"Message Book, Standard Line ""While You Were Out"", 5 1/2"" X 4"", 200 Sets/Book",17.12,6/20/2013
Xerox 1920,17.94,5/9/2013
Acme Forged Steel Scissors with Black Enamel Handles,27.93,11/13/2014
"Wilson Jones Clip & Carry Folder Binder Tool for Ring Binders, Clear",23.2,4/11/2013
AT&T 17929 Lendline Telephone,108.58,8/29/2013
Advantus SlideClip Paper Clips,17.05,10/24/2013
Prestige Round Ring Binders,24.32,12/17/2014
"#10- 4 1/8"" x 9 1/2"" Recycled Envelopes",17.48,9/25/2012
Stacking Trays by OIC,24.9,12/29/2011
AT&T 1080 Phone,109.59,1/31/2013
Cardinal EasyOpen D-Ring Binders,21.94,11/4/2011
Acme Preferred Stainless Steel Scissors,28.4,8/28/2014
Jensen SMPS-640 -Â speaker phone,110.35,12/4/2012
Panasonic Kx-TS550,73.58,9/18/2013
Iris Project Case,31.92,10/11/2011
GBC Wire Binding Combs,24.82,12/6/2014
Xerox 1978,23.12,11/13/2014
Things To Do Today Pad,17.61,5/5/2014
"Gould Plastics 9-Pocket Panel Bin, 18-3/8w x 5-1/4d x 20-1/2h, Black",211.96,9/24/2011
Sterilite Officeware Hinged File Box,31.44,9/24/2014
Sterilite Officeware Hinged File Box,31.44,9/3/2012
Sterilite Officeware Hinged File Box,31.44,8/14/2014
Logitech Wireless Touch Keyboard K400,49.98,9/8/2011
Xerox 196,17.34,5/17/2013
Kingston Digital DataTraveler 16GB USB 2.0,44.75,12/11/2013
SanDisk Ultra 32 GB MicroSDHC Class 10 Memory Card,66.3,3/26/2011
"Master Caster Door Stop, Brown",25.4,7/5/2013
Akro-Mils 12-Gallon Tote,29.79,12/9/2014
Avery 517,18.45,12/23/2014
Acme Elite Stainless Steel Scissors,33.36,3/19/2012
"Wirebound Message Books, Four 2 3/4"" x 5"" Forms per Page, 600 Sets per Book",18.54,6/17/2014
"Wirebound Message Books, Four 2 3/4"" x 5"" Forms per Page, 600 Sets per Book",18.54,9/18/2012
Chromcraft Round Conference Tables,697.16,3/20/2014
Ibico Plastic and Wire Spiral Binding Combs,26.98,11/8/2013
Universal Premium White Copier/Laser Paper (20Lb. and 87 Bright),17.94,5/19/2013
X-Rack File for Hanging Folders,33.87,12/3/2013
GBC Recycled VeloBinder Covers,27.26,10/8/2013
Recycled Premium Regency Composition Covers,24.45,12/12/2012
"GBC Pre-Punched Binding Paper, Plastic, White, 8-1/2"" x 11""",25.58,9/18/2014
Fellowes Officeware Wire Shelving,449.15,2/21/2013
"Acco PRESSTEX Data Binder with Storage Hooks, Light Blue, 9 1/2"" X 11""",25.82,9/24/2014
Avery 499,27.89,12/8/2011
Avery 518,18.9,4/4/2011
Xerox 1887,18.97,9/30/2013
Tennsco Regal Shelving Units,304.23,6/25/2012
"Global Deluxe Stacking Chair, Gray",81.57,12/17/2014
Fiskars Softgrip Scissors,32.94,8/27/2012
AT&T SB67148 SynJ,105.58,12/2/2014
Panasonic KX-TG6844B Expandable Digital Cordless Telephone,105.58,10/26/2012
Staples,31.92,8/14/2014
"Pressboard Covers with Storage Hooks, 9 1/2"" x 11"", Light Blue",27.5,3/20/2014
"Vinyl Coated Wire Paper Clips in Organizer Box, 800/Box",27.55,12/26/2011
"Acco Four Pocket Poly Ring Binder with Label Holder, Smoke, 1""",29.8,10/31/2012
Xerox 222,19.44,10/2/2014
Xerox 216,19.44,12/7/2013
Xerox 22,19.44,2/15/2012
Xerox 215,19.44,6/17/2014
Xerox 201,19.44,11/12/2014
Xerox 225,19.44,11/24/2012
Xerox 2000,19.44,11/4/2011
Xerox 22,19.44,11/4/2013
"BOSTON Ranger #55 Pencil Sharpener, Black",83.17,3/10/2011
Strathmore Photo Mount Cards,20.34,4/27/2014
"Acco PRESSTEX Data Binder with Storage Hooks, Dark Blue, 14 7/8"" X 11""",25.82,11/24/2012
Xerox 191,19.98,10/31/2012
Wilson Jones Leather-Like Binders with DublLock Round Rings,27.94,1/22/2014
"Acco Flexible ACCOHIDE Square Ring Data Binder, Dark Blue, 11 1/2"" X 14"" 7/8""",26.03,5/12/2014
Logitech Mobile Speakerphone P710e -Â speaker phone,107.98,7/9/2013
"Tennsco Stur-D-Stor Boltless Shelving, 5 Shelves, 24"" Deep, Sand",947.17,4/18/2012
"Wirebound Four 2-3/4 x 5 Forms per Page, 400 Sets per Book",19.35,9/21/2011
"Metal Folding Chairs, Beige, 4/Carton",108.61,10/2/2014
Xerox 1981,21.12,12/29/2011
G.E. Longer-Life Indoor Recessed Floodlight Bulbs,19.92,3/29/2012
Fellowes Bankers Box Stor/Drawer Steel Plus,95.94,11/19/2014
Avery 494,20.88,8/9/2011
Xerox 195,20.04,10/14/2013
Xerox 1923,20.04,4/9/2013
Logitech ClearChat Comfort/USB Headset H390,29.29,6/15/2013
Wilson Jones International Size A4 Ring Binders,27.68,11/8/2013
Avery Personal Creations Heavyweight Cards,27.7,12/11/2012
"DXL Angle-View Binders with Locking Rings, Black",28.75,9/5/2012
"BOSTON Model 1800 Electric Pencil Sharpeners, Putty/Woodgrain",86.3,12/6/2012
Fellowes Bankers Box Recycled Super Stor/Drawer,161.94,6/21/2013
Carina Double Wide Media Storage Towers in Natural & Black,242.94,1/22/2014
"Carina 42""Hx23 3/4""W Media Storage Unit",485.88,11/24/2011
Carina Double Wide Media Storage Towers in Natural & Black,242.94,3/13/2014
Rediform S.O.S. Phone Message Books,19.92,9/18/2012
"Master Giant Foot Doorstop, Safety Yellow",22.77,12/16/2014
Cardinal Holdit Data Disk Pockets,29.12,11/6/2013
"Adams Phone Message Book, Professional, 400 Message Capacity, 5 3/6Â” x 11Â”",20.94,8/5/2011
"Angle-D Binders with Locking Rings, Label Holders",29.2,12/13/2012
Staples,31.56,4/2/2013
Avery 473,20.7,6/11/2013
Xerox 1881,29.47,4/29/2013
Harbour Creations 67200 Series Stacking Chairs,113.89,11/13/2014
Harbour Creations 67200 Series Stacking Chairs,113.89,9/18/2013
Fellowes Super Stor/Drawer,55.5,5/13/2011
BIC Liqua Brite Liner,27.76,11/25/2014
Panasonic KP-350BK Electric Pencil Sharpener with Auto Stop,34.58,1/7/2013
RCA Visys Integrated PBX 8-Line Router,160.78,1/21/2014
"TOPS ""Important Message"" Pads, Canary, 4-1/4 x 5-1/2, 50 Sheets per Pad",21.4,9/16/2013
"Personal Folder Holder, Ebony",33.63,11/22/2012
"Global Fabric Manager's Chair, Dark Gray",161.57,7/19/2014
"Adams Telephone Message Book W/Dividers/Space For Phone Numbers, 5 1/4""X8 1/2"", 200/Messages",22.72,4/20/2013
Advantus Panel Wall Certificate Holder - 8.5x11,24.4,9/18/2012
Space Solutions HD Industrial Steel Shelving.,344.91,11/14/2014
Avery 497,21.56,12/27/2012
"BIC Brite Liner Highlighters, Chisel Tip",32.4,6/30/2011
"C-Line Magnetic Cubicle Keepers, Clear Polypropylene",24.7,4/9/2013
Iris Project Case,39.9,9/26/2014
"Linden 10"" Round Wall Clock, Black",30.56,10/20/2014
Tenex Chairmats For Use with Hard Floors,129.92,8/22/2014
"Computer Room Manger, 14""",51.97,12/20/2011
Ultra Door Pull Handle,31.56,4/23/2013
"BOSTON Model 1800 Electric Pencil Sharpeners, Putty/Woodgrain",35.96,9/24/2012
Eldon Simplefile Box Office,37.32,12/23/2014
"Sauder Mission Library with Doors, Fruitwood Finish",222.67,11/9/2011
Pastel Pink Envelopes,21.84,11/23/2011
Micro Innovations USB RF Wireless Keyboard with Mouse,50,7/9/2014
Staples,23.88,11/25/2011
4009 Highlighters by Sanford,31.84,5/21/2011
Document Clip Frames,25.02,11/3/2014
Deluxe Chalkboard Eraser Cleaner,23.1,6/9/2011
"Wirebound Message Book, 4 per Page",21.72,9/20/2011
Sanford 52201 APSCO Electric Pencil Sharpener,40.97,8/11/2011
Hon 4700 Series Mobuis Mid-Back Task Chairs with Adjustable Arms,854.35,7/19/2013
"Wirebound Message Books, Four 2 3/4 x 5 Forms per Page, 200 Sets per Book",23.85,11/3/2014
OIC Binder Clips,21.48,7/26/2013
"Vinyl Coated Wire Paper Clips in Organizer Box, 800/Box",22.96,8/11/2011
Global Ergonomic Managers Chair,144.78,8/8/2012
#10 Self-Seal White Envelopes,22.18,9/12/2014
Xerox 216,31.1,9/26/2012
Xerox 210,31.1,4/13/2012
SanDisk Cruzer 64 GB USB Flash Drive,36.32,5/20/2014
Avery Heavy-Duty EZD  Binder With Locking Rings,31.25,2/21/2013
"White Business Envelopes with Contemporary Seam, Recycled White Business Envelopes",21.88,9/2/2013
Logitech K350 2.4Ghz Wireless Keyboard,99.54,3/20/2014
DAX Wood Document Frame,54.92,12/11/2012
"Eldon 400 Class Desk Accessories, Black Carbon",26.25,12/15/2014
"DAX Copper Panel Document Frame, 5 x 7 Size",40.26,6/15/2012
OtterBox Defender Series Case - iPhone 5c,88.75,5/1/2012
Avery Premier Heavy-Duty Binder with Round Locking Rings,34.27,10/24/2011
"Deflect-o EconoMat Studded, No Bevel Mat for Low Pile Carpeting",123.96,8/4/2014
Luxo Economy Swing Arm Lamp,39.88,11/10/2011
GBC Wire Binding Combs,33.09,3/14/2011
"Eldon Expressions Wood and Plastic Desk Accessories, Oak",39.92,12/19/2013
Hon 4060 Series Tables,447.84,6/25/2011
ClearSounds CSC500 Amplified Spirit Phone Corded phone,111.98,12/24/2012
"Acco Six-Outlet Power Strip, 4' Cord Length",43.1,8/24/2013
"Rediform Wirebound ""Phone Memo"" Message Book, 11 x 5-3/4",22.92,10/22/2013
Bretford Rectangular Conference Table Tops,300.9,5/5/2014
Xerox 1924,23.12,2/27/2014
Anker 24W Portable Micro USB Car Charger,35.17,8/29/2014
Boston 16801 Nautilus Battery Pencil Sharpener,44.02,11/14/2013
Deluxe Heavy-Duty Vinyl Round Ring Binder,36.67,12/20/2014
Xerox 1953,25.68,5/12/2012
"Square Ring Data Binders, Rigid 75 Pt. Covers, 11"" x 14-7/8""",33.02,9/9/2013
"Peel & Seel Recycled Catalog Envelopes, Brown",23.16,5/6/2014
Fellowes Binding Cases,37.44,11/8/2013
Xerox 1974,23.92,8/21/2012
GBC Premium Transparent Covers with Diagonal Lined Pattern,33.57,6/29/2013
ImationÂ 8GB Mini TravelDrive USB 2.0Â Flash Drive,90.57,1/16/2013
ImationÂ 8GB Mini TravelDrive USB 2.0Â Flash Drive,90.57,7/30/2014
4009 Highlighters by Sanford,35.82,6/25/2014
Staples,43.92,9/20/2011
Staples,43.92,10/28/2013
Xerox 1928,26.4,9/8/2012
"White Dual Perf Computer Printout Paper, 2700 Sheets, 1 Part, Heavyweight, 20 lbs., 14 7/8 x 11",32.79,5/31/2013
Safco Contoured Stacking Chairs,190.72,11/7/2012
"Executive Impressions 10"" Spectator Wall Clock",35.28,3/4/2013
Bestar Classic Bookcase,254.97,12/12/2011
Dixon Ticonderoga Core-Lock Colored Pencils,36.44,1/28/2011
Tensor Computer Mounted Lamp,44.67,2/20/2014
Tennsco Regal Shelving Units,405.64,10/31/2011
"Global Value Mid-Back Manager's Chair, Gray",194.85,10/2/2013
Southworth 25% Cotton Linen-Finish Paper & Envelopes,27.18,9/23/2014
Tripp Lite TLP810NET Broadband Surge for Modem/Fax,122.33,8/16/2013
Harmony HEPA Quiet Air Purifiers,35.1,12/11/2013
Boston Home & Office Model 2000 Electric Pencil Sharpeners,47.3,12/20/2011
Boston Home & Office Model 2000 Electric Pencil Sharpeners,47.3,4/28/2014
"Wirebound Message Books, Four 2 3/4 x 5 White Forms per Page",26.76,11/25/2011
Fiskars Home & Office Scissors,44.4,7/16/2013
Xerox 220,25.92,11/24/2011
Xerox 192,25.92,12/3/2013
"Geographics Note Cards, Blank, White, 8 1/2"" x 11""",35.81,11/18/2011
Ooma Telo VoIP Home Phone System,201.58,9/3/2014
Avery 480,26.25,7/31/2014
Mobile Personal File Cube,46.84,10/31/2012
"Advantus Employee of the Month Certificate Frame, 11 x 13-1/2",30.93,3/20/2014
"Acco Pressboard Covers with Storage Hooks, 14 7/8"" x 11"", Light Blue",35.35,4/10/2013
"Chromcraft 48"" x 96"" Racetrack Double Pedestal Table",513.02,8/9/2013
"DAX Executive Solid Wood Document Frame, Desktop or Hang, Mahogany, 5 x 7",37.74,1/29/2014
GBC Standard Therm-A-Bind Covers,39.87,9/12/2013
PowerGen Dual USB Car Charger,39.96,4/20/2013
Memorex Micro Travel Drive 8 GB,41.6,11/13/2014
"Acco Data Flex Cable Posts For Top & Bottom Load Binders, 6"" Capacity",41.72,10/16/2013
"Acco Data Flex Cable Posts For Top & Bottom Load Binders, 6"" Capacity",41.72,2/15/2012
Sony Micro Vault Click 8 GB USB 2.0 Flash Drive,93.98,5/10/2013
Sony 32GB Class 10 Micro SDHC R40 Memory Card,62.85,12/24/2011
50 Colored Long Pencils,50.8,8/13/2012
Logitech Media Keyboard K200,69.98,1/10/2013
"Wirebound Message Book, 4 per Page",27.15,12/9/2014
Avery Self-Adhesive Photo Pockets for Polaroid Photos,38.14,11/16/2013
Staples,28.4,11/17/2013
"Executive Impressions 12"" Wall Clock",35.34,11/4/2011
"Executive Impressions 12"" Wall Clock",35.34,9/17/2011
SANFORD Major Accent Highlighters,35.4,9/27/2013
Great White Multi-Use Recycled Paper (20Lb. and 84 Bright),29.9,9/27/2013
"Avery Framed View Binder, EZD Ring (Locking), Navy, 1 1/2""",39.92,10/6/2014
Xerox 1896,29.97,7/11/2012
DXL Angle-View Binders with Locking Rings by Samsill,43.18,9/30/2011
Self-Adhesive Removable Labels,28.35,12/9/2014
Fellowes Superior 10 Outlet Split Surge Protector,121.79,5/23/2012
Plantronics Calisto P620-M USB Wireless Speakerphone System,156.79,12/7/2013
Aluminum Screw Posts,36.62,6/13/2012
Avery 519,29.24,10/4/2011
"Global Deluxe Stacking Chair, Gray",122.35,10/3/2011
"Global Deluxe Stacking Chair, Gray",122.35,10/10/2011
Anker Ultra-Slim Mini Bluetooth 3.0 Wireless Keyboard,59.97,11/8/2014
"Master Caster Door Stop, Large Brown",36.4,12/4/2012
"Safco Chair Connectors, 6/Carton",123.14,7/12/2011
Advantus Rolling Storage Box,51.45,1/23/2014
Advantus Rolling Storage Box,51.45,9/27/2013
"Wirebound Service Call Books, 5 1/2"" x 4""",29.04,1/23/2012
RCA ViSYS 25423RE1 Corded phone,159.98,3/2/2013
"Eldon Expressions Wood and Plastic Desk Accessories, Cherry Wood",48.86,6/9/2011
"Executive Impressions 13-1/2"" Indoor/Outdoor Wall Clock",37.4,6/9/2011
"Dixon Ticonderoga Erasable Colored Pencil Set, 12-Color",41.86,4/12/2014
Holmes Odor Grabber,43.26,9/28/2012
Holmes 99% HEPA Air Purifier,43.32,11/4/2013
Recycled Steel Personal File for Hanging File Folders,57.23,1/28/2011
3M Replacement Filter for Office Air Cleaner for 20' x 33' Room,60.67,9/26/2012
Premier Automatic Letter Opener,480.74,10/28/2011
Universal Premium White Copier/Laser Paper (20Lb. and 87 Bright),29.9,9/27/2013
"Executive Impressions 14"" Contract Wall Clock",44.46,12/16/2011
"Executive Impressions 14"" Contract Wall Clock",44.46,12/5/2012
Mobile Personal File Cube,168.62,1/15/2014
Panasonic KX TS3282B Corded phone,196.78,3/3/2014
Alphabetical Labels for Top Tab Filing,29.6,6/11/2014
Avery 490,29.6,4/1/2011
Fellowes Advanced Computer Series Surge Protectors,52.98,3/31/2011
"Eldon Expressions Punched Metal & Wood Desk Accessories, Pewter & Cherry",53.2,11/10/2011
Avery 489,31.05,12/20/2011
"Fellowes Personal Hanging Folder Files, Navy",53.72,7/25/2011
"Message Book, Phone, Wirebound Standard Line Memo, 2 3/4"" X 5""",32.75,12/6/2012
"Master Caster Door Stop, Large Neon Orange",52.42,12/11/2012
"BOSTON Ranger #55 Pencil Sharpener, Black",51.98,6/18/2012
invisibleSHIELD by ZAGG Smudge-Free Screen Protector,43.18,9/5/2014
Model L Table or Wall-Mount Pencil Sharpener,53.97,12/27/2013
Adtran 1202752G1,201.58,11/11/2014
Avery 518,31.5,10/20/2014
Staples,30.4,11/29/2011
Memorex Mini Travel Drive 64 GB USB 2.0 Flash Drive,36.24,12/13/2012
Jabra BIZ 2300 Duo QD Duo CordedÂ Headset,203.18,3/14/2013
Holmes HEPA Air Purifier,43.56,9/28/2012
Eldon Portable Mobile Manager,56.56,11/22/2014
Ibico Plastic and Wire Spiral Binding Combs,47.21,12/7/2013
"Barricks Non-Folding Utility Table with Steel Legs, Laminate Tops",136.46,8/3/2013
"Tenex Traditional Chairmats for Hard Floors, Average Lip, 36"" x 48""",128.9,12/9/2014
Newell 345,59.52,8/14/2014
Newell 34,59.52,9/21/2011
Xerox 226,32.4,6/11/2013
Xerox 1894,32.4,5/29/2012
Xerox 216,32.4,9/17/2012
Xerox 1996,32.4,11/11/2013
Xerox 213,32.4,12/19/2014
Strathmore Photo Mount Cards,33.9,12/27/2013
"BOSTON Model 1800 Electric Pencil Sharpeners, Putty/Woodgrain",53.94,9/1/2011
Memorex Micro Travel Drive 32 GB,36.51,8/31/2012
Hanging Personal Folder File,62.8,11/5/2012
"Boston Electric Pencil Sharpener, Model 1818, Charcoal Black",56.3,11/29/2012
"Avery Durable Plastic 1"" Binders",43.58,11/4/2013
Ibico Plastic Spiral Binding Combs,48.64,9/21/2013
"Cardinal Slant-D Ring Binder, Heavy Gauge Vinyl",48.66,9/16/2013
Flat Face Poster Frame,37.68,4/13/2012
Clearsounds A400,211.17,3/26/2014
"Manila Recycled Extra-Heavyweight Clasp Envelopes, 6"" x 9""",43.92,6/3/2014
Cisco SPA 501G IP Phone,213.48,8/27/2011
Xerox 1977,33.4,3/28/2012
Xerox 1898,33.4,12/25/2013
"Message Book, Standard Line ""While You Were Out"", 5 1/2"" X 4"", 200 Sets/Book",34.24,2/5/2011
Jet-Pak Recycled Peel 'N' Seal Padded Mailers,35.89,12/7/2013
Eldon ProFile File 'N Store Portable File Tub Letter/Legal Size Black,57.93,9/17/2011
"Eldon Image Series Desk Accessories, Ebony",37.05,5/24/2013
Boston 19500 Mighty Mite Electric Pencil Sharpener,60.45,10/25/2012
Binding Machine Supplies,46.67,12/19/2014
Harmony HEPA Quiet Air Purifiers,46.8,2/3/2014
Advantus Panel Wall Acrylic Frame,38.29,11/5/2013
Coloredge Poster Frame,42.6,11/21/2014
Coloredge Poster Frame,42.6,11/3/2012
Xerox 1880,35.44,10/14/2013
Geemarc AmpliPOWER60,148.48,10/31/2014
"Fellowes Mobile File Cart, Black",62.18,9/29/2011
Global Chrome Stack Chair,191.97,10/23/2012
"Bush Andora Bookcase, Maple/Graphite Gray Finish",203.98,2/11/2014
"Ampad Phone Message Book, Recycled, 400 Message Capacity, 5 Â¾Â” x 11Â”",37.44,2/24/2014
"Ampad Phone Message Book, Recycled, 400 Message Capacity, 5 Â¾Â” x 11Â”",37.44,5/12/2014
"File Shuttle II and Handi-File, Black",67.78,3/7/2014
Xerox 1987,34.68,12/9/2011
Xerox 1978,34.68,8/24/2013
Fellowes Mighty 8 Compact Surge Protector,60.81,6/26/2013
24-Hour Round Wall Clock,39.96,5/16/2014
Xerox 1971,38.52,9/21/2011
"Square Ring Data Binders, Rigid 75 Pt. Covers, 11"" x 14-7/8""",49.54,10/29/2013
Seidio BD2-HK3IPH5-BK DILEX Case and Holster Combo for Apple iPhone 5/5s - Black,173.66,12/24/2011
9-3/4 Diameter Round Wall Clock,41.37,11/4/2014
"Trav-L-File Heavy-Duty Shuttle II, Black",139.42,10/1/2012
iHome FM Clock Radio with Lightning Dock,279.96,6/11/2014
Avery 50,37.59,5/12/2014
"Situations Contoured Folding Chairs, 4/Set",283.92,11/27/2012
Sensible Storage WireTech Storage Systems,354.9,8/28/2014
Belkin 7 Outlet SurgeMaster Surge Protector with Phone Protection,157.92,3/14/2013
Xerox 1973,54.82,4/13/2012
"Avery Hi-Liter EverBold Pen Style Fluorescent Highlighters, 4/Pack",71.63,6/25/2011
Trimflex Flexible Post Binders,51.31,6/18/2014
GE DSL Phone Line Filter,159.96,8/8/2014
Memorex Mini Travel Drive 8 GB USB 2.0 Flash Drive,46.32,9/6/2012
"Howard Miller 11-1/2"" Diameter Brentwood Wall Clock",43.13,3/16/2012
DMI Arturo Collection Mission-style Design Wood Chair,241.57,7/26/2013
DMI Arturo Collection Mission-style Design Wood Chair,241.57,12/16/2011
Computer Printout Paper with Letter-Trim Perforations,37.94,10/7/2014
Xerox 1939,37.94,6/12/2014
Xerox 1887,37.94,11/22/2012
Computer Printout Paper with Letter-Trim Perforations,37.94,12/24/2013
"Global Value Mid-Back Manager's Chair, Gray",292.27,12/24/2011
Fellowes Command Center 5-outlet power strip,67.84,11/19/2013
Avery White Multi-Purpose Labels,39.84,11/10/2011
Fiskars Softgrip Scissors,65.88,10/14/2013
"Safco Value Mate Series Steel Bookcases, Baked Enamel Finish on Steel, Gray",120.67,10/3/2012
KeyTronicÂ KT400U2 -Â KeyboardÂ - Black,92.52,8/31/2011
GBC Prestige Therm-A-Bind Covers,54.9,8/2/2014
Acco D-Ring Binder w/DublLock,51.31,12/15/2012
"Sortfiler Multipurpose Personal File Organizer, Black",64.17,9/26/2012
Xerox 202,38.88,6/21/2013
"Eureka Recycled Copy Paper 8 1/2"" x 11"", Ream",38.88,12/19/2013
VariCap6 Expandable Binder,55.36,9/10/2013
O'Sullivan Cherrywood Estates Traditional Bookcase,84.98,1/22/2014
Logitech Mobile Speakerphone P710e -Â speaker phone,215.97,2/21/2014
Mobile Personal File Cube,70.26,8/15/2012
DAX Cubicle Frames - 8x10,63.47,10/11/2011
Xerox 1930,38.88,6/19/2014
AT&T 1080 Corded phone,219.18,12/6/2012
Mophie Juice Pack Helium for iPhone,191.98,12/29/2011
Avery 478,39.28,4/27/2014
Xerox 1971,42.8,11/22/2012
Logitech ClearChat Comfort/USB Headset H390,58.58,3/23/2013
Aastra 57i VoIP phone,258.58,4/13/2012
Wilson Jones Heavy-Duty Casebound Ring Binders with Metal Hinges,55.42,12/1/2012
Carina Double Wide Media Storage Towers in Natural & Black,485.88,9/8/2011
GBC Standard Therm-A-Bind Covers,59.81,6/2/2011
GBC Standard Therm-A-Bind Covers,59.81,12/7/2013
"Multi-Use Personal File Cart and Caster Set, Three Stacking Bins",69.52,5/4/2014
Hon Deluxe Fabric Upholstered Stacking Chairs,195.18,7/3/2013
"Wirebound Message Books, 5-1/2 x 4 Forms, 2 or 4 Forms per Page",40.14,3/19/2012
Samsung HM1900 Bluetooth Headset,52.68,12/8/2011
Plantronics 81402,263.96,6/25/2011
HP Office Recycled Paper (20Lb. and 87 Bright),40.46,12/3/2013
Avaya 4621SW VoIP phone,177.48,6/10/2013
GBC Twin Loop Wire Binding Elements,53.25,11/6/2013
Bestar Classic Bookcase,424.96,9/27/2013
DMI Eclipse Executive Suite Bookcases,425.83,10/31/2012
GBC Personal VeloBind Strips,57.5,10/2/2012
Global Deluxe Office Fabric Chairs,230.35,12/26/2011
Safco Industrial Wire Shelving,671.93,9/7/2012
Pyle PMP37LED,230.38,10/2/2011
VTech DS6151,201.58,5/26/2011
VTech DS6151,201.58,5/12/2012
"Premium Transparent Presentation Covers, No Pattern/Clear, 8 1/2"" x 11""",62.05,3/14/2011
"Global Fabric Manager's Chair, Dark Gray",323.14,10/31/2012
"Rush Hierlooms Collection 1"" Thick Stackable Bookcases",436,9/23/2011
"#10- 4 1/8"" x 9 1/2"" Recycled Envelopes",43.7,12/15/2014
Safco Drafting Table,70.98,11/22/2014
Avery 500,43.86,10/31/2014
"Inter-Office Recycled Envelopes, Brown Kraft, Button-String,10"" x 13"" , 100/Box",43.96,7/5/2013
Motorola L804,183.96,5/5/2014
Longer-Life Soft White Bulbs,43.12,10/14/2013
Flat Face Poster Frame,75.36,6/18/2012
Eldon Wave Desk Accessories,47.12,11/10/2014
Memorex Froggy Flash Drive 8 GB,53.25,3/29/2012
Belkin 8-Outlet Premiere SurgeMaster II Surge Protectors,69.48,12/9/2014
Storex Dura Pro Binders,61.78,10/2/2014
"REDIFORM Incoming/Outgoing Call Register, 11"" X 8 1/2"", 100 Messages",41.7,9/25/2013
"Letter/Legal File Tote with Clear Snap-On Lid, Black Granite",80.3,10/31/2011
Micro Innovations USB RF Wireless Keyboard with Mouse,100,9/27/2013
Xerox 1982,45.68,10/16/2013
Xerox 1964,45.68,12/8/2011
"Tenex Personal Project File with Scoop Front Design, Black",80.88,5/31/2012
Panasonic KP-4ABK Battery-Operated Pencil Sharpener,73.2,4/20/2013
Acco 6 Outlet Guardian Premium Plus Surge Suppressor,73.28,3/29/2012
"Global Value Steno Chair, Gray",340.14,8/5/2011
"Tenex Contemporary Contur Chairmats for Low and Medium Pile Carpet, Computer, 39"" x 49""",107.53,2/14/2014
Cisco Small Business SPA 502G VoIP phone,246.17,5/6/2013
"Vinyl Coated Wire Paper Clips in Organizer Box, 800/Box",45.92,12/24/2012
Logitech 910-002974 M325 Wireless Mouse for Web Scrolling,71.98,12/20/2011
Xerox 225,45.36,12/26/2013
Xerox 230,45.36,3/14/2014
Xerox 204,45.36,12/9/2013
Xerox 1905,45.36,12/2/2014
Xerox 1894,45.36,10/10/2012
"Wirebound Message Books, Four 2 3/4"" x 5"" Forms per Page, 600 Sets per Book",46.35,6/17/2013
SanDisk Cruzer 64 GB USB Flash Drive,72.64,12/19/2013
SanDisk Ultra 64 GB MicroSDHC Class 10 Memory Card,199.95,4/12/2014
Aluminum Document Frame,73.32,6/2/2011
"Executive Impressions 14"" Contract Wall Clock",66.69,11/8/2012
Fellowes Superior 10 Outlet Split Surge Protector,76.12,8/8/2011
Kensington 6 Outlet Guardian Standard Surge Protector,81.92,2/27/2014
Fellowes Advanced Computer Series Surge Protectors,79.47,12/3/2014
Luxo Economy Swing Arm Lamp,79.76,11/24/2012
12-1/2 Diameter Round Wall Clock,111.89,5/1/2013
Bevis 36 x 72 Conference Tables,896.33,12/10/2014
Enermax Briskie RF Wireless Keyboard and Mouse Combo,62.31,6/30/2014
Xerox 1898,46.76,6/21/2013
"REDIFORM Incoming/Outgoing Call Register, 11"" X 8 1/2"", 100 Messages",60.05,9/26/2013
Hon Olson Stacker Stools,225.3,5/26/2011
Satellite Sectional Post Binders,69.46,12/3/2014
Staples,83.79,8/14/2014
Space Solutions Commercial Steel Shelving,452.55,11/3/2014
Sony 64GB Class 10 Micro SDHC R40 Memory Card,107.97,11/27/2012
Pyle PRT45 Retro HomeÂ Telephone,201.57,6/23/2012
Adtran 1202752G1,302.38,10/29/2013
AT&T TR1909W,302.38,12/12/2013
Adtran 1202752G1,302.38,12/30/2014
Adtran 1202752G1,302.38,1/1/2014
"Tenex V2T-RE Standard Weight Series Chair Mat, 45"" x 53"", Lip 25"" x 12""",141.96,11/19/2012
"Wilson Jones Clip & Carry Folder Binder Tool for Ring Binders, Clear",64.96,12/15/2014
Jabra BIZ 2300 Duo QD Duo CordedÂ Headset,304.78,11/16/2012
Deflect-O Glasstique Clear Desk Accessories,69.3,7/26/2013
Holmes HEPA Air Purifier,65.34,12/11/2013
Eldon Portable Mobile Manager,84.84,11/7/2013
"Global Deluxe Stacking Chair, Gray",203.92,2/9/2012
"Wilson Jones Ledger-Size, Piano-Hinge Binder, 2"", Blue",65.57,12/11/2014
SanDisk Ultra 32 GB MicroSDHC Class 10 Memory Card,176.8,8/26/2011
Xerox 1911,47.9,12/24/2013
Bevis Steel Folding Chairs,230.28,4/26/2011
Bevis Steel Folding Chairs,230.28,8/28/2014
Bevis Steel Folding Chairs,230.28,12/27/2011
Staples,49.12,2/21/2012
Samsung Rugby III,263.96,9/26/2012
"Square Ring Data Binders, Rigid 75 Pt. Covers, 11"" x 14-7/8""",66.05,11/21/2012
"Wirebound Service Call Books, 5 1/2"" x 4""",48.4,5/26/2011
Xerox 1951,74.35,3/22/2011
Premium Transparent Presentation Covers by GBC,67.14,9/9/2013
Motorola Moto X,271.99,11/28/2013
Safco Contoured Stacking Chairs,381.44,11/23/2011
"Executive Impressions 10"" Spectator Wall Clock",70.56,12/29/2011
Polycom CX300 Desktop Phone USB VoIP phone,239.98,9/21/2011
Xerox 1895,53.82,11/22/2011
"Bush Westfield Collection Bookcases, Fully Assembled",257.5,4/18/2013
Tennsco Regal Shelving Units,811.28,11/17/2014
"Holmes Replacement Filter for HEPA Air Cleaner, Medium Room",56.65,9/8/2011
Xerox 1942,48.94,7/8/2013
Binding Machine Supplies,70.01,11/11/2013
Binding Machine Supplies,70.01,1/13/2012
"Avery Address/Shipping Labels for Typewriters, 4"" x 2""",51.75,8/22/2014
Avery 473,51.75,8/4/2014
SAFCO Arco Folding Chair,220.96,5/16/2014
Imation Bio 8GB USBÂ Flash Drive ImationÂ Corp,166.24,3/28/2012
"Decoflex Hanging Personal Folder File, Blue",92.52,11/9/2011
BlackBerry Q10,403.17,3/25/2013
"SimpliFile Personal File, Black Granite, 15w x 6-15/16d x 11-1/4h",90.8,3/14/2014
Southworth Structures Collection,50.96,10/29/2013
Tuf-Vin Binders,75.79,7/1/2014
Newell 334,99.2,7/21/2011
Bulldog Vacuum Base Pencil Sharpener,95.92,6/25/2014
"Personal Filing Tote with Lid, Black/Gray",93.06,10/29/2013
Home/Office Personal File Carts,104.28,5/19/2013
Kensington 7 Outlet MasterPiece HOMEOFFICE Power Control Center,209.79,9/29/2014
Eldon Cleatmat Plus Chair Mats for High Pile Carpets,238.56,11/7/2013
Southworth 25% Cotton Antique Laid Paper & Envelopes,58.38,5/31/2012
Panasonic KP-310 Heavy-Duty Electric Pencil Sharpener,87.92,10/16/2014
Logitech 910-002974 M325 Wireless Mouse for Web Scrolling,59.98,7/4/2014
Logitech G13 Programmable Gameboard with LCD Display,239.97,1/29/2014
Alphabetical Labels for Top Tab Filing,71.04,6/26/2014
"Executive Impressions 13"" Chairman Wall Clock",76.14,4/19/2011
GBC Wire Binding Strips,76.18,10/14/2013
Global Deluxe Office Fabric Chairs,307.14,11/4/2014
"Square Credit Card Reader, 4 1/2"" x 4 1/2"" x 1"", White",79.92,10/8/2014
Google Nexus 5,431.98,12/7/2013
"Global Leather and Oak Executive Chair, Black",240.78,10/23/2012
Polycom SoundPoint IP 450 VoIP phone,361.38,11/16/2013
